PassengerId,Survived,Pclass,Name,Sex,Age,SibSp,Parch,Ticket,Fare,Cabin,Embarked
1,0,3,Passenger_1,male,16.26,0,0,T2908,33.6606,,S
2,1,3,Passenger_2,male,71.26,1,0,T31358,64.5141,,Q
3,1,2,Passenger_3,female,23.28,0,0,T31412,71.81,C140,S
4,0,3,Passenger_4,female,29.68,0,0,T84710,80.7405,,S
5,0,1,Passenger_5,male,5.02,0,0,T82032,3.1889,C157,C
6,0,2,Passenger_6,male,9.28,0,5,T3928,25.1372,,S
7,0,3,Passenger_7,male,41.46,0,0,T66158,43.1691,C114,S
8,1,1,Passenger_8,male,21.7,8,0,T31632,45.2606,C61,S
9,0,1,Passenger_9,male,66.9,0,0,T33309,29.8632,,S
10,1,1,Passenger_10,female,1.57,0,0,T10280,5.8389,,S
11,0,1,Passenger_11,male,30.58,0,0,T41449,51.0919,,S
12,1,1,Passenger_12,female,27.25,0,2,T88171,40.7476,,S
13,1,3,Passenger_13,male,,0,1,T27957,2.8823,,Q
14,0,2,Passenger_14,male,10.3,3,0,T37895,19.9445,C70,C
15,0,3,Passenger_15,female,33.33,1,0,T71499,6.1163,,S
16,0,3,Passenger_16,male,39.63,1,0,T94057,13.1744,C80,S
17,0,2,Passenger_17,male,32.58,5,0,T99151,0.5839,C79,S
18,0,2,Passenger_18,male,42.66,0,0,T22695,16.364,,Q
19,0,2,Passenger_19,female,47.77,0,0,T75893,25.5435,C117,S
20,0,3,Passenger_20,female,1.19,0,4,T64123,30.9276,,S
21,0,2,Passenger_21,male,37.34,0,0,T26176,34.8521,C140,C
22,0,3,Passenger_22,male,77.09,0,0,T19409,57.9093,,Q
23,0,2,Passenger_23,male,41.71,0,1,T57967,7.7652,,S
24,0,3,Passenger_24,female,54.33,0,0,T1987,4.1082,,S
25,0,2,Passenger_25,female,,0,0,T55462,61.0375,,S
26,1,2,Passenger_26,male,,0,0,T68501,5.4505,,S
27,0,3,Passenger_27,male,61.92,0,0,T97854,117.7385,,S
28,0,3,Passenger_28,male,,0,1,T27015,59.1543,,S
29,0,1,Passenger_29,female,78.09,0,0,T95727,22.2369,C154,S
30,0,3,Passenger_30,female,10.39,0,1,T67404,127.5439,,S
31,0,3,Passenger_31,male,1.75,1,0,T51281,3.2784,,S
32,0,3,Passenger_32,male,61.7,0,0,T38146,11.5541,,S
33,0,3,Passenger_33,male,64.65,0,1,T49231,32.5354,,S
34,1,2,Passenger_34,female,9.97,1,0,T30032,13.7854,C71,C
35,1,1,Passenger_35,male,21.54,0,0,T29305,84.3609,,S
36,1,2,Passenger_36,female,1.8,0,0,T55306,2.1721,,S
37,0,3,Passenger_37,male,,1,0,T89176,25.5104,,S
38,0,3,Passenger_38,male,61.94,0,0,T19318,28.5988,,S
39,1,2,Passenger_39,male,,1,0,T14246,33.8447,C132,S
40,0,1,Passenger_40,male,28.11,1,0,T34844,9.4485,,C
41,0,3,Passenger_41,male,29.99,0,0,T33602,14.5103,C34,S
42,0,3,Passenger_42,female,,0,2,T22584,59.3873,,S
43,0,3,Passenger_43,male,24.26,0,0,T16169,6.9389,C41,S
44,1,1,Passenger_44,male,51.86,0,1,T26968,56.1184,,S
45,0,2,Passenger_45,male,77.95,0,0,T7385,26.4651,C21,Q
46,1,1,Passenger_46,female,67.83,0,0,T74758,45.9607,C72,S
47,0,3,Passenger_47,female,2.28,0,1,T26444,40.0125,C86,S
48,0,1,Passenger_48,male,,0,0,T63497,7.4425,,S
49,0,3,Passenger_49,female,62.74,0,0,T6362,26.9188,,S
50,0,2,Passenger_50,male,62.52,0,0,T9250,64.7315,,
51,1,3,Passenger_51,male,36.86,0,0,T69354,18.1068,,C
52,1,3,Passenger_52,female,,1,0,T37368,108.7655,,C
53,1,3,Passenger_53,female,24.51,0,0,T45109,19.2599,,S
54,1,1,Passenger_54,female,5.63,0,1,T81589,4.9302,,S
55,0,1,Passenger_55,male,18.57,2,0,T58645,15.7878,,S
56,1,1,Passenger_56,male,,0,2,T57997,96.972,,S
57,0,3,Passenger_57,female,38.93,0,2,T28426,12.3281,,S
58,0,3,Passenger_58,male,59.9,0,0,T40023,64.8223,,S
59,0,3,Passenger_59,male,38.12,0,0,T60267,68.1837,,C
60,0,3,Passenger_60,male,5.0,0,2,T25892,13.7942,,S
61,0,3,Passenger_61,male,76.64,0,2,T60232,2.7817,,S
62,0,1,Passenger_62,male,75.44,0,0,T95897,41.2601,C30,C
63,1,3,Passenger_63,female,,1,0,T60225,11.9443,C193,S
64,0,2,Passenger_64,male,79.31,0,0,T17007,48.8802,C114,S
65,0,2,Passenger_65,male,43.74,0,0,T80777,18.7063,C75,S
66,0,3,Passenger_66,male,77.04,1,0,T45858,21.2514,,S
67,0,1,Passenger_67,female,6.42,0,0,T46073,48.1494,,S
68,1,1,Passenger_68,male,,1,0,T90438,15.4194,,S
69,0,3,Passenger_69,male,18.34,0,0,T91042,18.7334,,S
70,1,1,Passenger_70,female,15.99,1,0,T84098,15.1011,,S
71,1,3,Passenger_71,female,,0,0,T21239,14.6503,,Q
72,0,2,Passenger_72,female,49.94,1,0,T63969,23.8859,,S
73,0,2,Passenger_73,female,62.59,1,0,T14065,52.9418,,S
74,1,2,Passenger_74,male,,0,0,T42291,14.3697,C84,S
75,1,2,Passenger_75,female,12.1,0,0,T39805,23.7719,,S
76,1,3,Passenger_76,male,64.97,0,0,T99831,35.5478,,S
77,1,2,Passenger_77,female,51.02,0,2,T19443,10.0462,,S
78,0,3,Passenger_78,female,31.3,0,0,T10290,10.4022,,S
79,0,3,Passenger_79,female,54.06,0,0,T1211,86.6959,,S
80,0,3,Passenger_80,female,21.09,0,0,T84634,41.1414,C72,C
81,1,3,Passenger_81,male,27.88,0,3,T20072,27.5464,,S
82,1,3,Passenger_82,male,,0,0,T44290,33.3865,,S
83,0,1,Passenger_83,female,23.52,0,0,T86186,0.9516,,S
84,0,1,Passenger_84,female,37.81,0,0,T16115,30.8033,,C
85,0,2,Passenger_85,male,71.26,0,0,T6149,22.7951,C133,S
86,0,3,Passenger_86,male,56.73,0,0,T42992,25.2514,,S
87,1,1,Passenger_87,male,5.35,0,0,T18716,14.2524,,Q
88,1,3,Passenger_88,female,12.13,0,0,T98724,2.7195,C24,S
89,1,3,Passenger_89,female,1.02,0,0,T14621,6.8753,C51,S
90,0,2,Passenger_90,male,,0,0,T7820,96.3436,,S
91,0,3,Passenger_91,male,,1,0,T43800,16.8138,,C
92,1,1,Passenger_92,female,11.09,0,1,T56043,20.1165,,S
93,1,1,Passenger_93,female,76.65,0,0,T31399,1.7328,,C
94,0,3,Passenger_94,male,42.56,0,1,T15002,1.2253,,S
95,1,3,Passenger_95,male,19.65,1,0,T44098,40.4144,C123,S
96,0,3,Passenger_96,male,40.25,2,0,T46511,24.7166,,S
97,0,2,Passenger_97,male,54.5,0,0,T54243,22.7428,C45,C
98,0,2,Passenger_98,male,6.47,0,2,T29750,8.9138,,S
99,0,3,Passenger_99,female,,1,0,T92610,43.6965,,S
100,0,3,Passenger_100,female,,0,0,T18310,5.8946,,S
101,0,3,Passenger_101,male,36.99,0,0,T56398,6.7405,C128,C
102,1,2,Passenger_102,female,43.91,0,0,T83542,19.7602,C104,S
103,0,3,Passenger_103,male,34.85,0,0,T76207,10.7925,,S
104,0,2,Passenger_104,male,,2,0,T45345,9.0978,,S
105,1,1,Passenger_105,male,,8,0,T94430,33.1618,,Q
106,0,3,Passenger_106,male,35.87,1,0,T92729,33.6833,C77,C
107,0,1,Passenger_107,female,17.05,0,0,T52843,55.6868,C159,S
108,1,3,Passenger_108,female,,1,0,T11222,17.3051,,S
109,0,2,Passenger_109,male,67.55,0,0,T90322,2.4286,,S
110,0,1,Passenger_110,male,,0,0,T32509,10.2319,,Q
111,0,3,Passenger_111,female,63.53,1,0,T1386,125.1935,,S
112,0,3,Passenger_112,male,68.36,0,0,T65334,29.0234,,S
113,1,3,Passenger_113,male,,0,2,T68170,39.583,,S
114,1,3,Passenger_114,female,76.87,0,2,T41878,0.2363,C12,Q
115,1,3,Passenger_115,male,16.08,1,1,T70669,23.3676,,S
116,1,3,Passenger_116,male,76.13,0,0,T39349,1.224,C83,S
117,1,3,Passenger_117,male,79.59,0,0,T22952,26.9498,,C
118,0,2,Passenger_118,female,,0,0,T91352,81.1332,,S
119,1,3,Passenger_119,male,78.5,1,0,T22529,110.5665,,S
120,0,1,Passenger_120,male,45.74,1,0,T72303,24.8874,,Q
121,1,3,Passenger_121,female,21.06,0,1,T42521,19.6118,,Q
122,1,3,Passenger_122,male,35.18,0,1,T19383,92.8235,,C
123,0,1,Passenger_123,female,47.65,0,1,T5901,35.8292,,S
124,0,3,Passenger_124,male,6.22,4,0,T43889,2.1472,,S
125,0,3,Passenger_125,female,,0,0,T15633,20.0591,,Q
126,0,1,Passenger_126,male,,2,0,T63244,8.7923,,S
127,1,3,Passenger_127,male,15.53,0,0,T20163,20.3043,,C
128,1,3,Passenger_128,male,63.49,1,0,T60019,19.4504,,Q
129,0,1,Passenger_129,male,72.67,1,0,T11707,27.9239,,S
130,0,3,Passenger_130,female,75.52,1,0,T89112,14.1201,,C
131,0,2,Passenger_131,female,76.83,3,0,T84597,5.7424,C99,C
132,0,3,Passenger_132,male,,0,0,T46101,22.4196,,S
133,0,3,Passenger_133,male,78.19,0,1,T45706,56.7408,,S
134,0,3,Passenger_134,female,60.68,0,0,T78084,34.9018,,S
135,1,3,Passenger_135,female,13.27,1,1,T16115,13.2175,C191,S
136,0,3,Passenger_136,male,38.36,0,0,T76379,,C180,S
137,0,3,Passenger_137,male,57.58,0,0,T40979,77.849,,S
138,1,2,Passenger_138,male,20.09,0,0,T41641,7.5167,,C
139,0,3,Passenger_139,female,51.39,0,0,T70377,1.2869,,Q
140,1,1,Passenger_140,male,53.46,0,4,T7416,43.2678,,S
141,1,3,Passenger_141,male,13.35,0,0,T11633,56.2559,,S
142,0,1,Passenger_142,male,45.38,1,0,T1594,110.0095,,S
143,0,1,Passenger_143,female,61.82,0,0,T15393,70.5852,,Q
144,0,1,Passenger_144,male,40.11,0,2,T36380,29.3641,C82,S
145,0,3,Passenger_145,male,1.36,0,0,T46056,24.1643,,S
146,0,2,Passenger_146,male,1.12,0,0,T89279,0.9036,,Q
147,0,3,Passenger_147,male,,1,0,T98507,9.0635,,S
148,0,1,Passenger_148,male,74.13,1,0,T5861,19.6951,,C
149,0,2,Passenger_149,male,18.6,0,0,T37126,31.6869,,Q
150,0,3,Passenger_150,male,50.9,1,0,T81382,26.0721,,Q
151,1,3,Passenger_151,male,18.08,1,0,T92713,43.4324,,S
152,0,2,Passenger_152,male,26.0,1,1,T34682,10.5018,C126,S
153,0,3,Passenger_153,female,67.9,0,0,T19228,26.6336,C94,C
154,0,3,Passenger_154,female,,3,0,T25009,2.9527,,S
155,1,3,Passenger_155,male,7.99,0,0,T1094,17.0837,,S
156,0,1,Passenger_156,female,34.52,0,0,T81636,44.382,,S
157,1,1,Passenger_157,male,2.72,0,0,T53221,37.8309,,S
158,1,3,Passenger_158,male,38.68,0,0,T99453,149.4913,,S
159,0,1,Passenger_159,male,53.13,0,0,T18430,10.4185,,S
160,1,3,Passenger_160,male,,0,0,T36571,22.065,,S
161,0,3,Passenger_161,female,23.4,0,0,T55486,12.7929,C132,S
162,1,3,Passenger_162,female,32.07,1,0,T91510,18.5887,,S
163,1,3,Passenger_163,female,,1,0,T97665,62.226,C70,S
164,0,3,Passenger_164,male,,0,0,T63294,36.8856,,S
165,0,2,Passenger_165,male,,1,0,T21860,68.5061,,S
166,1,3,Passenger_166,male,60.98,1,2,T73812,7.2813,,S
167,0,2,Passenger_167,male,,1,1,T67087,66.1253,,S
168,0,3,Passenger_168,male,31.64,0,0,T9486,1.9719,,S
169,0,3,Passenger_169,male,60.44,1,0,T84063,70.2279,,S
170,0,3,Passenger_170,male,73.51,2,1,T50607,12.7711,,S
171,1,3,Passenger_171,male,76.09,1,1,T10745,12.0875,,S
172,0,3,Passenger_172,female,46.34,0,1,T79533,22.9639,,S
173,0,2,Passenger_173,female,28.83,0,0,T19330,90.3994,C142,S
174,0,2,Passenger_174,female,63.09,0,0,T41078,1.5667,,Q
175,1,3,Passenger_175,male,20.38,0,1,T56332,13.8951,,S
176,0,1,Passenger_176,male,45.3,0,0,T55532,62.1415,,Q
177,1,1,Passenger_177,male,28.94,0,0,T91365,16.1367,,S
178,0,2,Passenger_178,female,52.67,1,0,T44336,7.1069,,S
179,1,2,Passenger_179,male,19.54,1,0,T9070,17.6969,,S
180,0,2,Passenger_180,male,,0,0,T2320,15.585,,S
181,0,1,Passenger_181,female,,3,0,T90043,79.0404,,S
182,0,1,Passenger_182,male,8.5,0,0,T39921,45.9267,,S
183,1,1,Passenger_183,male,40.67,0,0,T7589,22.5098,,S
184,1,3,Passenger_184,male,17.98,1,0,T65409,142.5349,,S
185,0,2,Passenger_185,male,3.5,1,0,T93995,20.0322,,C
186,1,2,Passenger_186,male,3.27,2,0,T16589,1.9201,,S
187,1,3,Passenger_187,male,14.35,0,0,T37375,9.7339,,C
188,0,1,Passenger_188,male,69.39,1,1,T44085,18.3304,,S
189,0,3,Passenger_189,male,22.89,0,0,T61840,5.4615,,S
190,0,3,Passenger_190,female,76.06,1,0,T44200,94.3419,,S
191,0,1,Passenger_191,male,46.7,1,0,T99704,46.5942,,S
192,1,2,Passenger_192,male,,0,1,T27732,9.9958,,S
193,1,3,Passenger_193,male,,0,0,T98047,28.594,,S
194,1,3,Passenger_194,female,41.53,1,0,T23426,40.9009,,S
195,0,3,Passenger_195,male,60.8,0,0,T31982,90.7186,,C
196,0,3,Passenger_196,male,22.89,0,0,T60720,68.2875,,S
197,1,1,Passenger_197,female,,1,1,T17746,23.1681,,Q
198,1,3,Passenger_198,female,71.57,0,1,T29514,47.6836,,Q
199,1,1,Passenger_199,male,75.74,1,0,T65889,26.4277,,C
200,1,3,Passenger_200,female,71.45,0,0,T4851,25.7451,,S
201,1,3,Passenger_201,male,33.79,0,0,T20796,3.9,,S
202,0,3,Passenger_202,male,62.52,1,0,T77034,4.3146,,S
203,0,3,Passenger_203,male,38.32,0,0,T63798,24.129,,S
204,1,1,Passenger_204,male,40.0,0,0,T99388,10.0209,,S
205,0,1,Passenger_205,female,,1,0,T63985,0.6804,C188,S
206,0,1,Passenger_206,male,,0,0,T35592,41.061,,S
207,0,1,Passenger_207,male,15.22,0,2,T45845,1.0568,,S
208,1,3,Passenger_208,female,26.79,0,0,T16930,28.9457,,C
209,0,2,Passenger_209,female,68.46,1,1,T22159,24.7929,,S
210,0,1,Passenger_210,male,16.88,1,0,T96072,110.9699,,S
211,0,3,Passenger_211,male,6.06,1,0,T90788,21.186,C79,C
212,1,3,Passenger_212,male,5.89,0,0,T25003,2.1029,,S
213,1,3,Passenger_213,female,75.29,1,0,T36139,25.6725,,S
214,0,3,Passenger_214,female,40.75,0,0,T53452,58.8626,,C
215,1,1,Passenger_215,female,32.99,1,0,T23205,184.324,,S
216,0,2,Passenger_216,male,64.95,0,6,T97059,18.0071,C190,S
217,0,3,Passenger_217,male,66.93,1,0,T57955,12.3553,,S
218,1,3,Passenger_218,male,26.84,1,0,T8464,75.8859,,S
219,1,1,Passenger_219,male,,0,2,T83646,6.7922,,S
220,1,3,Passenger_220,male,61.78,0,0,T73657,30.5801,C50,S
221,1,1,Passenger_221,female,52.51,1,0,T10840,16.6526,C90,S
222,0,1,Passenger_222,male,,0,0,T41768,1.3424,,S
223,0,3,Passenger_223,male,70.12,3,1,T10461,13.6518,,C
224,0,3,Passenger_224,female,43.31,0,2,T21927,9.8623,,S
225,0,3,Passenger_225,male,,0,2,T90934,37.0769,,C
226,0,1,Passenger_226,female,34.25,0,0,T99622,95.0986,,S
227,1,3,Passenger_227,male,3.39,0,1,T16329,9.9853,,C
228,0,2,Passenger_228,male,,2,0,T16791,53.3913,,S
229,1,1,Passenger_229,male,61.34,0,0,T53627,1.8224,,S
230,1,3,Passenger_230,male,0.4,1,0,T15372,24.7185,C102,S
231,1,3,Passenger_231,female,,0,0,T93890,2.3412,,C
232,0,3,Passenger_232,male,41.99,0,3,T49469,86.9952,,S
233,0,3,Passenger_233,male,4.75,0,2,T88073,46.526,,S
234,0,3,Passenger_234,male,,0,0,T35370,34.3295,,S
235,0,3,Passenger_235,male,,4,0,T52408,55.5738,,C
236,1,1,Passenger_236,female,24.61,0,0,T91941,33.3683,C35,S
237,0,2,Passenger_237,male,24.59,0,1,T24703,111.1032,,S
238,0,2,Passenger_238,female,18.74,0,0,T16234,40.0517,C156,S
239,1,2,Passenger_239,female,0.52,0,0,T8532,82.7432,,S
240,0,3,Passenger_240,male,58.46,0,0,T36416,23.2964,,Q
241,1,3,Passenger_241,female,77.36,1,0,T73439,3.9841,,C
242,1,1,Passenger_242,male,18.25,0,0,T19242,24.0369,,S
243,1,1,Passenger_243,male,53.18,0,2,T51254,4.3416,,S
244,0,3,Passenger_244,male,59.45,0,0,T80324,28.7263,C138,C
245,0,1,Passenger_245,female,,4,0,T36249,21.0794,C17,S
246,1,3,Passenger_246,female,,0,0,T96049,31.1803,C60,Q
247,0,3,Passenger_247,male,24.51,0,0,T86078,0.3231,,S
248,1,3,Passenger_248,female,26.29,0,2,T33294,6.9349,C34,S
249,1,3,Passenger_249,male,57.12,0,0,T60784,21.6306,,S
250,1,3,Passenger_250,male,65.42,0,0,T4684,96.1873,,S
251,0,2,Passenger_251,male,14.86,0,0,T24795,15.484,,Q
252,0,3,Passenger_252,female,29.93,1,0,T61301,17.6734,,S
253,1,3,Passenger_253,male,72.19,0,0,T70187,40.1344,,C
254,0,2,Passenger_254,male,64.61,1,0,T11431,29.6262,,S
255,0,3,Passenger_255,male,78.79,0,0,T76667,11.3645,,C
256,0,3,Passenger_256,male,60.44,0,0,T90627,16.9286,C21,S
257,1,3,Passenger_257,male,31.7,0,0,T91381,7.8565,,C
258,1,3,Passenger_258,male,47.41,0,0,T91027,108.2248,,S
259,0,3,Passenger_259,female,53.02,1,0,T56372,4.4797,C80,C
260,0,3,Passenger_260,male,6.65,0,0,T71366,14.8786,C26,S
261,0,3,Passenger_261,male,43.74,0,1,T95176,0.8377,,S
262,1,3,Passenger_262,male,,0,1,T73870,8.0239,C131,C
263,0,3,Passenger_263,female,13.72,5,0,T48387,48.5207,C133,S
264,0,3,Passenger_264,female,62.54,0,0,T53927,7.1876,C19,S
265,1,3,Passenger_265,male,46.87,2,0,T10304,2.6704,C40,S
266,1,1,Passenger_266,female,76.2,0,0,T18032,20.5861,,S
267,1,3,Passenger_267,male,3.78,0,1,T92291,0.3206,,S
268,1,3,Passenger_268,male,21.52,0,0,T60486,2.8344,,S
269,0,1,Passenger_269,male,48.28,0,0,T66552,52.746,,S
270,0,3,Passenger_270,male,24.01,0,1,T74844,47.2353,,S
271,1,1,Passenger_271,male,57.27,0,1,T30654,78.9356,,S
272,1,2,Passenger_272,female,60.82,1,0,T40244,61.6859,,C
273,1,3,Passenger_273,female,8.56,1,0,T6942,36.781,,S
274,1,1,Passenger_274,female,,1,0,T51697,1.7201,,S
275,0,3,Passenger_275,male,40.91,0,0,T3693,48.8691,C89,S
276,0,3,Passenger_276,male,29.79,0,2,T57751,59.7642,,S
277,1,3,Passenger_277,female,74.66,0,1,T82098,51.3555,,S
278,1,1,Passenger_278,male,,1,1,T7259,22.728,,S
279,1,2,Passenger_279,male,55.9,2,0,T5942,8.4845,,S
280,1,3,Passenger_280,male,57.26,0,1,T48419,59.7268,C42,S
281,1,3,Passenger_281,female,,0,0,T57105,41.5642,,S
282,0,3,Passenger_282,male,73.71,0,0,T66907,126.4264,,C
283,0,2,Passenger_283,male,55.69,0,0,T28383,5.4156,,S
284,0,3,Passenger_284,female,58.43,0,0,T24404,8.184,,S
285,0,3,Passenger_285,male,68.99,0,0,T73656,7.616,,S
286,0,3,Passenger_286,male,,1,0,T6702,50.3301,,S
287,0,1,Passenger_287,male,64.64,0,0,T74883,6.6211,,C
288,0,3,Passenger_288,male,,0,0,T57332,2.2075,C43,Q
289,0,3,Passenger_289,female,27.89,5,0,T40419,209.3975,,S
290,0,3,Passenger_290,male,27.11,0,0,T91576,0.8042,,S
291,0,2,Passenger_291,male,78.29,0,0,T89078,57.7053,,S
292,0,3,Passenger_292,female,,0,1,T74844,14.5507,,C
293,1,3,Passenger_293,female,56.21,0,0,T40242,58.9673,,Q
294,0,1,Passenger_294,female,58.27,0,0,T35142,25.8825,,S
295,0,3,Passenger_295,male,45.14,1,0,T97226,74.209,C174,S
296,0,3,Passenger_296,male,75.79,0,1,T8393,83.4016,,S
297,1,1,Passenger_297,female,39.9,0,0,T70939,0.2925,C21,S
298,0,2,Passenger_298,female,30.69,0,0,T70082,2.509,,S
299,1,3,Passenger_299,male,13.38,0,0,T29893,9.2211,C57,S
300,0,1,Passenger_300,male,62.98,1,0,T10388,35.4109,,S
301,0,3,Passenger_301,male,,1,0,T63969,70.1341,,S
302,0,2,Passenger_302,female,30.99,0,0,T37660,19.7145,,S
303,0,3,Passenger_303,male,2.41,1,0,T90244,29.8841,C21,S
304,1,1,Passenger_304,male,67.18,0,0,T25726,6.6839,C158,S
305,1,3,Passenger_305,male,1.31,4,0,T80544,52.3067,,S
306,1,3,Passenger_306,female,,0,0,T63996,109.4797,,C
307,0,3,Passenger_307,female,77.63,4,0,T1111,10.0094,,C
308,0,3,Passenger_308,male,,1,0,T18545,21.8513,,S
309,1,1,Passenger_309,female,,0,0,T41168,2.8817,,S
310,0,3,Passenger_310,female,56.51,0,0,T3379,26.2087,C16,S
311,0,1,Passenger_311,male,,5,0,T96773,22.3593,,S
312,0,1,Passenger_312,male,43.9,1,1,T88346,4.9918,,S
313,0,2,Passenger_313,male,,0,2,T42120,18.6725,,C
314,1,3,Passenger_314,female,4.51,1,0,T18809,13.0119,,S
315,1,3,Passenger_315,male,40.58,0,0,T53813,23.6093,,Q
316,1,3,Passenger_316,male,57.59,0,0,T75005,28.1938,,Q
317,0,2,Passenger_317,female,69.07,0,1,T28967,0.273,,C
318,0,2,Passenger_318,male,14.67,0,0,T10748,45.8021,C143,S
319,0,3,Passenger_319,female,64.08,1,0,T24424,39.9463,,S
320,0,2,Passenger_320,male,44.4,0,1,T87512,14.5971,,S
321,0,3,Passenger_321,male,31.97,1,0,T24914,1.7404,,S
322,1,1,Passenger_322,female,10.88,0,1,T96603,44.9991,,S
323,1,3,Passenger_323,female,69.28,0,0,T79478,99.3598,C130,S
324,0,3,Passenger_324,male,12.92,0,0,T20491,8.7884,,S
325,1,1,Passenger_325,female,25.06,0,1,T50454,12.5075,,Q
326,1,1,Passenger_326,female,23.49,0,0,T71069,6.4996,C41,S
327,0,3,Passenger_327,male,69.76,0,0,T52925,27.5274,,S
328,0,3,Passenger_328,female,53.95,0,0,T90119,5.3834,,C
329,0,2,Passenger_329,male,63.82,0,2,T38049,14.0914,C78,S
330,0,3,Passenger_330,male,20.34,0,0,T28821,38.2101,C199,S
331,0,1,Passenger_331,male,50.14,0,0,T96797,26.2798,,Q
332,1,2,Passenger_332,female,45.91,1,0,T30945,15.6324,,C
333,0,3,Passenger_333,female,,1,0,T18384,17.445,,S
334,0,2,Passenger_334,male,72.52,0,0,T29410,26.4253,,C
335,0,3,Passenger_335,male,1.37,0,0,T78734,0.1882,,S
336,0,2,Passenger_336,male,54.05,0,0,T64766,2.6164,C193,C
337,1,2,Passenger_337,male,4.53,3,2,T95890,68.1857,C33,C
338,1,3,Passenger_338,female,44.09,0,0,T8169,2.5945,,S
339,0,2,Passenger_339,female,23.3,0,0,T41129,39.2612,,S
340,0,3,Passenger_340,male,24.82,0,0,T98445,80.8386,,S
341,0,1,Passenger_341,female,28.5,0,0,T4830,10.1007,,S
342,0,1,Passenger_342,male,49.85,0,2,T57306,14.8101,C152,C
343,0,1,Passenger_343,female,26.99,1,0,T87940,26.9269,,S
344,0,3,Passenger_344,female,58.72,0,0,T66267,68.3074,,C
345,0,2,Passenger_345,male,32.6,0,0,T28757,91.0619,,C
346,0,3,Passenger_346,male,5.84,0,0,T64867,43.0526,C140,Q
347,1,3,Passenger_347,female,,0,0,T36650,2.8993,C44,C
348,0,3,Passenger_348,male,23.15,1,0,T34766,35.3953,C189,S
349,0,1,Passenger_349,male,,0,0,T82478,16.9007,,S
350,1,3,Passenger_350,male,54.96,1,0,T33419,20.3585,,S
351,0,3,Passenger_351,male,26.86,0,0,T17668,1.6127,,S
352,1,3,Passenger_352,male,4.9,0,0,T17246,6.7851,,S
353,1,3,Passenger_353,female,30.16,3,3,T25996,50.0191,,S
354,0,3,Passenger_354,female,75.58,0,0,T52312,19.3619,,S
355,0,3,Passenger_355,male,51.48,1,0,T4065,11.4897,,Q
356,1,1,Passenger_356,female,53.85,0,0,T11467,15.5053,,C
357,0,1,Passenger_357,male,50.73,1,0,T51646,61.6604,,S
358,0,3,Passenger_358,female,16.24,0,0,T22007,44.2335,,S
359,1,3,Passenger_359,female,33.7,0,2,T69079,10.1724,,S
360,0,3,Passenger_360,male,60.17,1,0,T29702,4.0,,S
361,0,3,Passenger_361,female,8.47,2,2,T95369,9.2912,,C
362,1,1,Passenger_362,male,,1,0,T76569,81.1273,,S
363,0,1,Passenger_363,male,22.4,1,0,T54952,27.8813,,S
364,0,3,Passenger_364,female,34.79,1,2,T59065,24.3986,C126,S
365,1,2,Passenger_365,male,78.44,0,0,T35169,29.0341,,S
366,0,1,Passenger_366,male,,0,2,T17829,14.584,,S
367,1,3,Passenger_367,male,41.69,0,0,T61135,52.6598,,S
368,1,1,Passenger_368,female,,0,2,T5522,23.7069,,S
369,0,3,Passenger_369,male,77.67,0,0,T86687,3.9726,C67,C
370,0,2,Passenger_370,male,9.42,0,0,T36319,4.422,,C
371,0,3,Passenger_371,female,32.53,0,0,T27543,24.6312,,S
372,0,2,Passenger_372,female,59.14,1,0,T31473,88.2503,,C
373,0,3,Passenger_373,male,56.48,0,0,T8699,11.7977,,
374,1,1,Passenger_374,male,,0,0,T69165,65.1743,,Q
375,0,1,Passenger_375,male,,0,0,T41455,46.2185,,S
376,0,2,Passenger_376,male,32.05,1,0,T76692,9.1126,,S
377,1,3,Passenger_377,male,21.44,1,1,T18441,1.1846,,S
378,0,3,Passenger_378,female,16.74,0,0,T31716,3.4373,C57,S
379,1,2,Passenger_379,female,,0,0,T63175,41.7207,C80,S
380,0,3,Passenger_380,male,21.78,0,0,T7834,7.1274,,S
381,0,3,Passenger_381,male,,0,0,T19179,14.8498,,S
382,1,3,Passenger_382,female,,0,0,T27219,22.2896,,S
383,1,1,Passenger_383,male,77.5,0,0,T16782,41.366,,Q
384,1,3,Passenger_384,female,48.45,0,2,T82363,3.8455,,C
385,1,1,Passenger_385,male,,0,1,T75967,16.6878,,C
386,1,2,Passenger_386,male,6.42,3,0,T10496,21.2394,C82,C
387,0,3,Passenger_387,female,,3,0,T89867,24.9065,,Q
388,0,1,Passenger_388,male,24.06,0,0,T40238,54.5834,,S
389,1,3,Passenger_389,female,7.73,0,0,T47025,6.0273,,S
390,1,3,Passenger_390,male,,0,0,T60886,52.7802,,C
391,1,3,Passenger_391,male,50.04,0,0,T24563,37.7764,,C
392,0,3,Passenger_392,female,52.02,2,0,T4712,25.9725,,S
393,0,1,Passenger_393,male,21.69,0,0,T95067,38.4768,C146,S
394,1,2,Passenger_394,female,1.6,1,0,T46489,16.9939,,S
395,0,3,Passenger_395,male,,0,1,T33664,4.7668,,Q
396,1,1,Passenger_396,male,,4,0,T13420,35.0692,C182,S
397,1,2,Passenger_397,female,54.21,0,1,T55610,23.8,,Q
398,0,1,Passenger_398,male,56.65,1,4,T6315,32.6373,,C
399,1,1,Passenger_399,male,,0,0,T71917,13.1996,,S
400,1,2,Passenger_400,male,25.31,0,0,T76033,75.9591,,S
401,0,1,Passenger_401,male,,0,0,T95576,28.3265,,S
402,1,3,Passenger_402,male,47.97,0,2,T98911,2.8567,,S
403,0,3,Passenger_403,female,69.34,2,3,T80030,19.1194,C148,S
404,1,3,Passenger_404,female,,2,0,T64910,45.1855,,C
405,0,1,Passenger_405,female,8.83,1,0,T98288,50.577,,S
406,1,1,Passenger_406,female,12.72,0,1,T61972,21.8368,,S
407,0,1,Passenger_407,female,75.6,1,0,T91893,72.0446,C22,S
408,0,3,Passenger_408,female,59.03,0,1,T56919,9.9687,,Q
409,1,3,Passenger_409,male,70.69,0,2,T83486,16.9167,C94,S
410,0,1,Passenger_410,female,16.53,0,0,T82288,73.2369,,C
411,0,3,Passenger_411,female,47.17,0,0,T5132,72.5067,,S
412,1,1,Passenger_412,male,56.21,0,0,T42598,37.0383,,S
413,1,3,Passenger_413,male,54.54,0,0,T94812,62.6834,,S
414,0,3,Passenger_414,male,32.89,0,0,T21551,2.9748,,S
415,1,3,Passenger_415,male,,1,1,T93511,64.0782,,S
416,0,3,Passenger_416,female,46.8,0,2,T69206,12.3704,,S
417,0,3,Passenger_417,male,20.55,0,2,T75900,6.2854,,S
418,0,2,Passenger_418,male,36.24,0,0,T27296,8.7555,,S
419,1,3,Passenger_419,female,76.62,0,1,T91216,17.3194,,S
420,1,1,Passenger_420,male,32.16,0,0,T19066,9.2567,,C
421,1,3,Passenger_421,male,67.25,0,0,T29892,12.3679,,S
422,1,3,Passenger_422,male,15.41,0,0,T76577,4.64,C139,S
423,0,3,Passenger_423,female,,1,0,T75590,11.2393,,Q
424,0,3,Passenger_424,female,78.17,0,2,T78173,27.1775,,C
425,0,3,Passenger_425,male,8.51,1,0,T77293,18.6603,,Q
426,0,3,Passenger_426,female,1.06,0,0,T65771,13.6239,,S
427,0,3,Passenger_427,male,,0,0,T28484,43.9105,,C
428,1,1,Passenger_428,female,7.77,1,0,T78865,71.6705,,S
429,0,1,Passenger_429,female,59.97,0,0,T28115,45.2425,,S
430,0,2,Passenger_430,female,,0,0,T27038,12.911,,C
431,0,1,Passenger_431,male,34.95,1,0,T37622,43.6578,C95,S
432,1,3,Passenger_432,female,20.99,0,0,T36886,5.2752,C56,S
433,1,1,Passenger_433,female,34.98,1,1,T52284,4.4681,,S
434,0,3,Passenger_434,male,57.99,0,0,T10901,13.5705,,C
435,0,2,Passenger_435,female,1.12,1,0,T57377,52.7588,C53,S
436,1,1,Passenger_436,male,,0,0,T83910,9.0504,C159,S
437,0,3,Passenger_437,female,49.22,0,0,T50862,2.091,,S
438,1,3,Passenger_438,male,51.16,0,0,T33806,4.5193,,S
439,1,3,Passenger_439,female,19.66,0,0,T18659,62.63,C168,Q
440,0,3,Passenger_440,male,,0,2,T24453,32.145,,S
441,0,3,Passenger_441,male,,0,0,T31498,9.3427,,S
442,1,1,Passenger_442,male,16.26,0,1,T71393,25.9311,,Q
443,0,3,Passenger_443,male,70.25,0,6,T17312,23.9964,C132,S
444,0,3,Passenger_444,male,59.2,0,0,T2436,34.0952,C91,S
445,1,3,Passenger_445,male,1.49,1,0,T28569,8.4964,,C
446,1,1,Passenger_446,male,,0,0,T59813,63.9382,,S
447,1,3,Passenger_447,male,,0,2,T91485,11.8448,,S
448,1,1,Passenger_448,male,21.96,0,2,T74229,37.9072,C155,S
449,0,1,Passenger_449,female,20.11,0,0,T46986,0.5202,,C
450,0,2,Passenger_450,male,,2,1,T54177,14.9204,C131,C
451,1,3,Passenger_451,female,36.93,0,0,T10305,13.8693,,Q
452,0,3,Passenger_452,female,58.73,3,2,T33646,25.0922,C140,C
453,0,3,Passenger_453,female,48.7,0,2,T93838,2.4166,,C
454,1,3,Passenger_454,male,53.96,1,0,T77126,49.9608,,C
455,0,2,Passenger_455,female,6.86,0,0,T41430,,,S
456,0,2,Passenger_456,male,76.14,1,0,T69659,36.167,,S
457,0,2,Passenger_457,male,67.14,0,0,T5158,52.0201,C100,C
458,0,3,Passenger_458,male,64.49,0,1,T75236,26.4082,,S
459,0,1,Passenger_459,female,65.91,0,0,T77067,43.2152,,S
460,0,3,Passenger_460,male,74.64,0,0,T28738,34.6975,,S
461,0,3,Passenger_461,male,43.72,1,0,T10879,14.0585,C81,S
462,1,2,Passenger_462,female,16.34,0,3,T6543,52.9517,,S
463,1,3,Passenger_463,female,49.5,0,0,T48924,11.1723,,C
464,0,3,Passenger_464,male,,1,0,T43348,27.0974,C174,Q
465,1,3,Passenger_465,male,59.14,0,0,T85117,43.7777,,C
466,0,3,Passenger_466,female,41.91,3,4,T37679,15.2433,,C
467,0,2,Passenger_467,male,5.85,1,1,T80118,11.5404,,S
468,1,2,Passenger_468,male,29.94,0,0,T44888,19.6792,,S
469,0,3,Passenger_469,male,,1,0,T31276,54.5135,C89,S
470,1,3,Passenger_470,female,46.92,0,0,T5799,85.0606,C161,S
471,0,1,Passenger_471,female,,0,0,T91627,25.2045,,S
472,1,3,Passenger_472,female,21.8,0,0,T94770,34.6602,,S
473,0,3,Passenger_473,female,29.73,0,2,T91141,74.7478,,S
474,1,3,Passenger_474,male,71.67,1,0,T61558,3.3199,,S
475,0,1,Passenger_475,male,53.45,2,1,T37534,8.4502,,Q
476,1,3,Passenger_476,male,63.08,0,0,T32668,39.4908,C78,S
477,0,3,Passenger_477,male,36.57,0,0,T5111,55.5463,,S
478,0,1,Passenger_478,male,50.57,3,0,T25686,62.2436,,S
479,1,1,Passenger_479,female,20.17,0,0,T73551,17.1625,C179,S
480,0,3,Passenger_480,male,56.55,0,0,T73392,2.9947,C187,S
481,1,1,Passenger_481,female,34.44,0,0,T17490,18.4277,,S
482,1,3,Passenger_482,male,35.63,1,0,T36194,8.3942,C13,S
483,0,3,Passenger_483,male,52.09,0,0,T15497,11.0137,,Q
484,1,2,Passenger_484,male,74.93,1,0,T54516,47.3467,,S
485,0,3,Passenger_485,male,5.49,1,6,T89730,2.513,,C
486,1,2,Passenger_486,female,66.05,0,0,T45104,56.2505,,C
487,0,3,Passenger_487,male,23.67,0,1,T6316,17.8572,,S
488,0,2,Passenger_488,male,35.74,1,0,T39130,29.008,C116,S
489,1,3,Passenger_489,male,2.14,0,1,T71229,3.0057,C57,S
490,1,1,Passenger_490,male,24.36,1,0,T30954,13.1687,,S
491,0,2,Passenger_491,male,40.41,2,1,T22652,3.0074,,S
492,1,3,Passenger_492,female,,0,0,T15178,104.2635,,C
493,0,2,Passenger_493,female,39.49,1,0,T52163,52.6855,,S
494,0,3,Passenger_494,male,,1,0,T15751,19.6962,C40,Q
495,0,2,Passenger_495,female,8.79,1,0,T66961,8.0989,,C
496,0,3,Passenger_496,male,61.25,0,0,T4044,86.7161,,Q
497,0,1,Passenger_497,male,33.01,0,0,T64165,13.5201,,S
498,0,3,Passenger_498,male,52.55,0,0,T12480,5.6168,,Q
499,1,3,Passenger_499,male,21.11,0,1,T66439,26.5023,,S
500,1,1,Passenger_500,male,13.1,0,0,T44874,92.1081,,S
501,1,1,Passenger_501,male,13.17,1,0,T67775,0.1228,,C
502,0,1,Passenger_502,male,,0,0,T7566,8.7031,,S
503,0,3,Passenger_503,male,,0,0,T86311,89.2117,,S
504,1,2,Passenger_504,male,53.27,0,0,T54149,6.0044,,S
505,1,3,Passenger_505,female,70.58,1,0,T4006,3.8459,C25,S
506,0,2,Passenger_506,male,65.2,0,2,T73561,27.021,C180,S
507,1,2,Passenger_507,male,54.94,0,1,T20423,63.3399,C125,S
508,1,3,Passenger_508,male,9.19,0,1,T91710,20.7483,,S
509,1,3,Passenger_509,male,23.42,1,0,T93199,166.8723,,S
510,1,1,Passenger_510,male,25.06,0,1,T34952,36.3792,,Q
511,0,1,Passenger_511,male,20.3,0,0,T28326,2.4628,C21,S
512,0,1,Passenger_512,male,41.39,3,0,T32139,158.0207,,C
513,1,3,Passenger_513,male,43.03,1,0,T63103,16.7702,,Q
514,1,3,Passenger_514,male,28.81,3,0,T61857,10.8428,,S
515,0,3,Passenger_515,male,28.56,0,0,T74638,26.1175,,S
516,0,3,Passenger_516,male,66.35,0,0,T73652,11.6111,,S
517,0,3,Passenger_517,male,63.23,1,0,T13937,2.8936,,S
518,1,3,Passenger_518,male,24.9,0,0,T31161,0.0457,C68,S
519,1,3,Passenger_519,female,73.14,1,0,T5383,19.1066,,S
520,0,1,Passenger_520,male,76.24,0,0,T86856,58.0214,C33,S
521,0,1,Passenger_521,male,26.41,0,0,T71043,27.1798,,S
522,0,2,Passenger_522,male,,0,0,T15735,228.4821,C189,S
523,1,1,Passenger_523,female,,0,1,T60919,10.8179,,Q
524,1,3,Passenger_524,male,75.31,0,0,T96249,10.5324,,S
525,1,3,Passenger_525,male,70.16,0,0,T83055,5.5698,,Q
526,0,1,Passenger_526,male,,4,0,T68561,5.7345,,Q
527,0,1,Passenger_527,male,31.66,0,0,T86455,10.7435,,S
528,0,3,Passenger_528,male,44.45,0,1,T38622,50.3764,,S
529,0,3,Passenger_529,male,40.45,1,0,T39135,75.58,,C
530,1,2,Passenger_530,female,15.83,0,0,T36658,118.1559,,C
531,1,3,Passenger_531,male,68.76,0,1,T85677,8.459,C90,S
532,1,1,Passenger_532,female,54.28,1,0,T30696,68.1963,C151,Q
533,1,1,Passenger_533,female,,0,0,T4773,12.7321,,S
534,0,3,Passenger_534,male,,1,0,T25956,3.8314,,S
535,1,3,Passenger_535,male,59.97,1,0,T16819,65.2932,C74,S
536,1,1,Passenger_536,male,,4,0,T2528,32.3485,,S
537,1,3,Passenger_537,male,49.0,0,0,T87491,5.76,,S
538,0,3,Passenger_538,male,13.17,0,5,T45588,17.9783,,S
539,0,3,Passenger_539,female,54.02,0,0,T71585,10.8363,,S
540,0,3,Passenger_540,female,,0,0,T21511,42.7143,,
541,1,3,Passenger_541,male,55.64,1,0,T11119,19.3302,,C
542,0,3,Passenger_542,male,18.68,0,2,T76893,145.1404,,C
543,0,3,Passenger_543,female,9.76,0,1,T17167,1.8016,,S
544,1,1,Passenger_544,female,,1,0,T57503,14.0329,C36,S
545,1,1,Passenger_545,female,0.56,0,0,T88789,21.0428,,S
546,0,2,Passenger_546,male,57.61,0,0,T35889,22.3819,,S
547,0,3,Passenger_547,male,58.7,0,0,T46678,12.1505,,S
548,1,1,Passenger_548,male,41.39,1,0,T96334,41.8087,,S
549,0,3,Passenger_549,male,,0,0,T61262,66.4774,,C
550,1,3,Passenger_550,male,,1,0,T5681,89.3533,,Q
551,0,1,Passenger_551,male,1.92,0,2,T81291,52.3275,,S
552,1,3,Passenger_552,female,13.59,1,0,T67008,60.8319,,C
553,0,2,Passenger_553,male,71.31,1,2,T99417,25.591,,S
554,0,3,Passenger_554,male,19.63,0,0,T14690,55.9378,,S
555,1,1,Passenger_555,male,,0,0,T26912,11.5742,,S
556,0,3,Passenger_556,male,8.79,0,0,T7473,16.2654,,S
557,0,3,Passenger_557,male,18.1,1,0,T42298,12.1963,,S
558,0,3,Passenger_558,male,41.73,0,0,T19669,20.1587,,C
559,1,3,Passenger_559,female,48.78,0,0,T82998,10.7611,,C
560,1,3,Passenger_560,male,19.93,0,0,T21943,104.3199,C86,C
561,1,3,Passenger_561,male,5.0,0,0,T39785,12.0062,,C
562,0,3,Passenger_562,male,31.53,0,1,T64427,3.3021,,Q
563,0,3,Passenger_563,female,19.04,0,0,T63001,23.9447,,S
564,0,1,Passenger_564,female,17.88,0,0,T62724,1.8814,,S
565,0,3,Passenger_565,female,76.81,1,0,T11832,3.7486,,S
566,0,3,Passenger_566,male,,0,2,T6385,7.9257,,S
567,0,3,Passenger_567,male,44.73,0,0,T96898,19.9768,,S
568,0,1,Passenger_568,male,33.5,3,0,T15708,18.1708,C28,S
569,1,3,Passenger_569,male,34.54,1,0,T59600,51.4527,,S
570,0,2,Passenger_570,female,43.46,2,0,T24438,43.0418,,S
571,0,3,Passenger_571,male,55.84,0,3,T83747,17.7818,C18,C
572,1,1,Passenger_572,female,,0,0,T81107,12.9927,C121,S
573,0,3,Passenger_573,female,14.07,0,0,T61062,12.1755,,S
574,1,3,Passenger_574,male,40.21,1,0,T66428,47.5904,,S
575,1,1,Passenger_575,female,33.19,0,0,T87843,1.7113,C177,
576,1,3,Passenger_576,male,69.69,0,2,T12002,0.4129,,S
577,0,2,Passenger_577,male,50.66,0,0,T37153,50.7969,,S
578,1,3,Passenger_578,male,,0,0,T23440,20.7505,C78,S
579,0,3,Passenger_579,male,,0,0,T68501,4.4888,,S
580,0,3,Passenger_580,male,48.61,0,0,T33556,8.5958,,S
581,0,3,Passenger_581,male,9.73,0,1,T68963,86.262,,S
582,1,3,Passenger_582,male,27.24,0,0,T91725,62.8022,,S
583,0,2,Passenger_583,male,,3,0,T91674,39.5883,C54,S
584,0,2,Passenger_584,male,55.49,1,2,T7563,21.0629,,S
585,1,3,Passenger_585,male,16.82,2,0,T80923,23.5086,C23,Q
586,0,3,Passenger_586,male,31.59,1,0,T6840,118.3587,,Q
587,0,3,Passenger_587,male,,0,0,T16154,107.9893,,S
588,0,3,Passenger_588,female,,0,4,T25194,7.7573,,S
589,0,2,Passenger_589,female,40.82,0,0,T66020,53.33,,S
590,0,3,Passenger_590,female,33.77,0,0,T47861,7.0305,C62,S
591,0,1,Passenger_591,female,1.84,0,0,T23448,7.6867,,S
592,1,3,Passenger_592,male,,0,0,T97460,36.0736,,S
593,0,1,Passenger_593,female,5.9,0,0,T24528,16.6143,,S
594,0,2,Passenger_594,male,38.15,0,0,T30402,85.8102,C138,S
595,1,2,Passenger_595,male,45.03,0,0,T5352,2.9831,,S
596,0,2,Passenger_596,female,50.42,0,0,T1184,22.927,,S
597,1,3,Passenger_597,male,55.22,1,0,T11384,80.2373,,S
598,0,2,Passenger_598,female,,0,1,T15319,75.0269,,S
599,0,2,Passenger_599,female,1.19,0,2,T21449,5.4474,,S
600,0,1,Passenger_600,female,57.99,0,0,T57333,14.6148,,S
601,0,2,Passenger_601,female,43.04,0,0,T42205,30.8888,C17,S
602,0,1,Passenger_602,male,66.95,0,0,T11426,5.5563,,S
603,0,1,Passenger_603,male,65.78,0,0,T8504,110.1668,,S
604,0,3,Passenger_604,male,,0,1,T57578,78.7891,,S
605,0,3,Passenger_605,male,39.01,0,0,T59209,,,S
606,0,3,Passenger_606,male,,2,0,T34368,4.1327,C105,S
607,0,3,Passenger_607,female,,2,1,T53185,2.8569,,S
608,0,2,Passenger_608,female,36.32,0,0,T98630,76.8571,,C
609,0,3,Passenger_609,male,15.0,0,0,T81221,6.8866,,Q
610,1,3,Passenger_610,male,68.46,1,0,T9724,17.227,,Q
611,0,3,Passenger_611,male,70.65,0,0,T6084,19.064,,S
612,1,1,Passenger_612,male,37.52,0,0,T35810,29.2423,,Q
613,1,2,Passenger_613,female,6.43,0,1,T83277,2.382,,S
614,0,2,Passenger_614,male,31.27,2,1,T83297,8.2292,,S
615,1,2,Passenger_615,male,64.36,0,0,T79872,85.785,,S
616,1,3,Passenger_616,male,72.18,0,2,T21872,76.4939,,C
617,0,3,Passenger_617,male,16.6,1,0,T79950,48.6404,C10,S
618,0,3,Passenger_618,male,5.73,0,1,T71333,0.6269,,C
619,1,3,Passenger_619,male,70.24,0,0,T69843,12.6726,,S
620,1,3,Passenger_620,male,31.4,3,2,T99104,31.64,,S
621,0,3,Passenger_621,male,,0,2,T3596,10.2991,,S
622,0,3,Passenger_622,male,77.46,0,0,T18167,76.9076,,S
623,0,1,Passenger_623,female,,0,2,T88844,32.1542,,S
624,0,1,Passenger_624,male,52.01,0,1,T90751,2.3879,C41,S
625,1,1,Passenger_625,male,6.3,0,1,T78331,76.7026,,S
626,0,3,Passenger_626,male,30.29,0,0,T81520,101.2654,,S
627,0,3,Passenger_627,female,64.38,0,1,T59326,2.5887,,S
628,1,2,Passenger_628,male,34.9,1,1,T78670,24.3218,,C
629,0,3,Passenger_629,female,79.78,0,0,T11782,11.5678,,S
630,0,1,Passenger_630,male,44.9,0,2,T43002,15.9668,,S
631,1,3,Passenger_631,male,25.96,0,0,T88187,6.3368,,S
632,1,2,Passenger_632,male,,1,0,T25022,27.6135,C101,S
633,0,1,Passenger_633,male,,0,0,T85458,101.427,,Q
634,0,3,Passenger_634,female,30.05,0,0,T15618,22.378,,C
635,0,2,Passenger_635,male,5.87,0,0,T18245,2.7697,C53,S
636,0,2,Passenger_636,male,29.82,0,0,T84796,30.9628,,S
637,0,2,Passenger_637,male,37.35,0,2,T11027,13.3073,C151,C
638,0,3,Passenger_638,male,,1,0,T14986,61.9975,,C
639,0,3,Passenger_639,male,,0,0,T4526,18.2515,,C
640,0,2,Passenger_640,male,56.82,0,0,T92797,6.8555,C151,C
641,0,3,Passenger_641,female,,0,0,T45361,6.7868,,S
642,0,3,Passenger_642,male,17.73,1,2,T68158,46.8582,,S
643,0,2,Passenger_643,male,53.07,0,0,T39286,9.8779,C144,S
644,0,2,Passenger_644,female,38.93,0,1,T30533,46.647,,S
645,0,1,Passenger_645,male,,0,0,T19316,7.377,,S
646,1,1,Passenger_646,female,,0,0,T9699,12.4207,,S
647,0,3,Passenger_647,male,,0,0,T80491,20.0448,,S
648,1,1,Passenger_648,female,44.05,0,0,T98079,91.7807,C150,S
649,1,3,Passenger_649,male,5.69,0,0,T59465,85.8978,,S
650,0,3,Passenger_650,female,61.41,0,0,T17673,7.4167,C65,S
651,0,1,Passenger_651,female,46.86,0,0,T24395,14.1923,,S
652,0,3,Passenger_652,male,62.64,0,1,T24707,5.178,,C
653,0,2,Passenger_653,female,,0,0,T85749,22.8262,,C
654,1,3,Passenger_654,male,64.32,1,0,T76937,19.7525,,S
655,0,3,Passenger_655,male,41.63,3,0,T87732,73.9269,,S
656,0,3,Passenger_656,male,11.57,3,0,T57416,85.0988,,S
657,0,3,Passenger_657,male,53.82,1,1,T92512,15.4818,C153,S
658,0,1,Passenger_658,male,49.79,0,0,T9758,21.6563,C17,S
659,1,3,Passenger_659,male,59.48,1,0,T68009,72.5004,,S
660,0,3,Passenger_660,male,13.92,0,2,T14281,52.5937,,C
661,0,3,Passenger_661,female,15.92,0,0,T33548,0.1172,C191,S
662,1,3,Passenger_662,female,71.28,0,0,T19371,12.344,C23,S
663,0,3,Passenger_663,male,60.1,0,0,T94899,17.5293,,S
664,0,1,Passenger_664,male,72.69,1,0,T78593,8.3519,C62,S
665,0,1,Passenger_665,male,60.79,0,1,T20644,7.1235,C136,S
666,0,3,Passenger_666,male,,0,1,T94659,1.2325,C164,C
667,0,2,Passenger_667,male,52.47,2,2,T24874,32.9938,C184,S
668,0,3,Passenger_668,male,71.17,0,0,T89659,,,S
669,0,3,Passenger_669,male,46.47,0,0,T15281,1.7205,,S
670,0,2,Passenger_670,female,50.74,1,0,T69787,8.4044,,S
671,0,1,Passenger_671,male,,0,0,T23289,51.8097,,S
672,1,3,Passenger_672,male,38.12,0,0,T6054,61.0271,C53,S
673,0,2,Passenger_673,male,,0,0,T67846,21.1149,C27,S
674,0,3,Passenger_674,male,21.97,0,0,T95682,17.2152,,S
675,0,2,Passenger_675,male,16.5,1,0,T50769,121.9227,,C
676,1,3,Passenger_676,male,25.38,0,1,T30312,7.1632,,S
677,0,1,Passenger_677,male,19.62,0,1,T97517,7.7609,,S
678,0,3,Passenger_678,male,17.51,0,0,T5257,11.044,,S
679,1,3,Passenger_679,female,34.22,0,0,T16846,6.069,,S
680,1,3,Passenger_680,female,72.66,3,0,T23483,15.2644,,S
681,1,1,Passenger_681,male,40.76,0,1,T27558,77.3523,,S
682,0,3,Passenger_682,male,15.36,0,0,T44188,30.5733,,S
683,0,3,Passenger_683,male,6.53,0,0,T14012,16.99,C38,S
684,1,1,Passenger_684,male,,1,0,T34236,87.179,,S
685,1,1,Passenger_685,male,30.87,2,0,T46076,1.5897,,S
686,0,1,Passenger_686,male,65.82,0,0,T49402,7.5543,,S
687,0,3,Passenger_687,male,52.9,0,1,T95467,26.7025,,C
688,0,3,Passenger_688,male,,0,0,T33076,30.5903,,Q
689,1,3,Passenger_689,male,22.05,1,0,T81337,1.2916,,S
690,0,1,Passenger_690,female,55.51,0,0,T76164,16.5089,C22,S
691,0,2,Passenger_691,female,,1,0,T75264,33.517,,S
692,0,3,Passenger_692,female,75.15,0,1,T18335,38.322,,S
693,0,3,Passenger_693,male,51.06,1,0,T44773,32.5279,,S
694,0,3,Passenger_694,female,26.23,0,1,T53158,12.3677,,C
695,0,1,Passenger_695,male,21.85,0,0,T29570,3.142,,S
696,0,3,Passenger_696,female,15.6,0,0,T88995,17.8261,C85,Q
697,0,2,Passenger_697,male,,0,0,T41658,4.4106,,S
698,0,2,Passenger_698,female,17.81,1,0,T60184,94.3776,,S
699,0,3,Passenger_699,male,47.79,1,0,T73613,20.6298,C70,C
700,0,3,Passenger_700,female,21.46,0,0,T59194,12.2125,C177,S
701,0,3,Passenger_701,female,53.09,0,0,T68507,46.5195,,S
702,0,1,Passenger_702,male,65.27,0,0,T34959,22.0497,,C
703,0,1,Passenger_703,male,62.33,1,1,T54072,11.8756,,S
704,0,3,Passenger_704,female,,0,2,T46588,53.4765,,C
705,0,3,Passenger_705,male,15.34,0,0,T41533,64.5936,C77,C
706,1,2,Passenger_706,female,7.44,0,2,T69582,35.7702,,Q
707,0,1,Passenger_707,male,56.04,0,0,T62743,1.5393,,S
708,1,1,Passenger_708,male,29.72,0,0,T45518,26.7346,C170,S
709,0,3,Passenger_709,male,,0,1,T13703,46.1101,C144,S
710,1,1,Passenger_710,male,2.88,0,0,T50456,4.6965,,S
711,1,2,Passenger_711,female,21.06,4,0,T56491,8.3085,C60,S
712,0,1,Passenger_712,male,3.08,0,0,T9043,68.5208,,S
713,0,2,Passenger_713,male,70.38,0,1,T69340,0.6505,,S
714,0,1,Passenger_714,male,19.77,0,1,T11176,44.7124,C191,C
715,0,3,Passenger_715,male,,1,0,T4936,20.5447,,C
716,1,1,Passenger_716,female,3.5,0,0,T32174,18.9435,,S
717,1,3,Passenger_717,female,,0,0,T83632,0.2279,,S
718,1,1,Passenger_718,male,26.11,0,0,T89768,54.7667,,S
719,0,3,Passenger_719,female,71.87,0,0,T26909,14.2724,,S
720,1,3,Passenger_720,female,,0,1,T45158,24.9022,,S
721,1,3,Passenger_721,male,26.29,1,0,T9366,36.1931,,S
722,0,3,Passenger_722,female,72.12,1,0,T86125,38.8089,,S
723,0,2,Passenger_723,male,79.69,0,0,T55337,99.9396,,S
724,1,2,Passenger_724,male,66.1,0,0,T60331,24.2521,C134,S
725,0,3,Passenger_725,female,67.65,1,2,T63197,16.3315,,S
726,1,3,Passenger_726,male,20.22,0,0,T73042,98.3261,,Q
727,0,3,Passenger_727,female,46.31,1,0,T51924,32.881,,S
728,1,3,Passenger_728,female,,0,0,T29842,11.3292,,S
729,0,3,Passenger_729,male,7.96,2,0,T18458,4.3266,C148,S
730,0,3,Passenger_730,female,79.91,1,0,T88367,59.1576,,S
731,0,1,Passenger_731,male,26.4,2,0,T66382,14.3905,,S
732,1,3,Passenger_732,male,59.96,0,0,T75319,34.5661,,S
733,1,3,Passenger_733,male,,0,0,T12170,20.3654,,S
734,0,1,Passenger_734,female,,2,0,T81145,7.0978,,S
735,0,3,Passenger_735,male,79.81,0,0,T45942,29.4565,C57,C
736,1,1,Passenger_736,male,19.62,0,2,T89571,2.0033,,S
737,0,3,Passenger_737,female,,1,0,T17208,17.066,,S
738,1,1,Passenger_738,female,33.13,1,0,T36178,25.3124,,C
739,0,3,Passenger_739,female,10.75,2,0,T80172,18.3291,,S
740,0,3,Passenger_740,male,2.19,0,0,T10039,44.1919,,C
741,0,2,Passenger_741,male,29.09,1,0,T15990,56.3144,,Q
742,0,3,Passenger_742,male,,1,0,T7441,47.203,,S
743,1,3,Passenger_743,female,45.47,0,0,T75221,1.2668,,Q
744,0,3,Passenger_744,male,25.3,0,0,T80314,6.9066,,C
745,0,1,Passenger_745,male,52.49,0,0,T46959,24.6138,,Q
746,1,2,Passenger_746,female,18.87,0,1,T27862,87.3803,,S
747,0,1,Passenger_747,male,1.54,4,0,T28273,57.6495,,S
748,0,3,Passenger_748,female,61.24,0,0,T94949,59.1536,C46,C
749,1,3,Passenger_749,female,,1,0,T43500,11.5606,C143,S
750,1,3,Passenger_750,female,61.08,4,0,T4956,17.9568,,S
751,0,3,Passenger_751,male,3.5,0,0,T73089,20.3588,,S
752,1,3,Passenger_752,male,,1,1,T89789,5.4793,,S
753,1,3,Passenger_753,female,49.71,0,0,T90451,1.01,,S
754,0,1,Passenger_754,female,,1,1,T3365,93.9403,C168,S
755,0,3,Passenger_755,female,50.12,0,0,T73204,8.812,,Q
756,1,1,Passenger_756,male,69.21,2,0,T6000,8.7798,C34,S
757,1,3,Passenger_757,female,47.12,0,0,T58072,2.786,,Q
758,0,3,Passenger_758,female,46.64,0,2,T53499,84.4213,,Q
759,1,3,Passenger_759,female,79.26,1,0,T70211,27.74,,S
760,1,1,Passenger_760,female,60.64,0,0,T13907,35.1912,C52,S
761,0,2,Passenger_761,female,35.61,0,0,T18336,77.6199,,C
762,0,2,Passenger_762,male,56.71,0,0,T86220,13.5702,,S
763,0,2,Passenger_763,male,,1,0,T94847,31.0899,,C
764,1,1,Passenger_764,male,18.62,0,2,T53331,1.2663,C51,S
765,0,3,Passenger_765,male,,0,2,T81672,6.6158,,S
766,0,3,Passenger_766,male,74.28,0,0,T78755,56.938,,S
767,1,2,Passenger_767,male,74.36,0,2,T69783,46.5831,,S
768,1,2,Passenger_768,male,,0,0,T70951,13.8167,C151,S
769,0,2,Passenger_769,male,42.4,0,0,T53509,15.133,C77,S
770,1,3,Passenger_770,male,17.25,0,0,T7472,24.4036,,C
771,0,3,Passenger_771,female,79.65,0,0,T23380,0.0077,,S
772,1,3,Passenger_772,female,,0,4,T28280,8.8344,,Q
773,0,3,Passenger_773,male,52.1,1,0,T22859,7.4716,,S
774,0,3,Passenger_774,female,64.43,0,0,T49402,9.2264,,C
775,1,3,Passenger_775,male,57.32,0,0,T9262,52.4612,,S
776,0,1,Passenger_776,male,47.62,0,0,T12066,10.4976,,Q
777,0,3,Passenger_777,male,4.65,0,0,T16554,6.8032,,S
778,1,1,Passenger_778,male,,1,6,T8008,22.4547,,S
779,1,3,Passenger_779,female,54.11,0,1,T88851,64.2326,,Q
780,1,2,Passenger_780,female,54.33,0,1,T81799,8.8389,,S
781,1,3,Passenger_781,male,30.1,0,0,T17238,2.6173,,S
782,0,3,Passenger_782,male,75.36,1,0,T83025,14.1019,,S
783,0,3,Passenger_783,male,13.72,0,0,T18153,44.0623,,C
784,0,3,Passenger_784,male,40.23,0,0,T60353,25.6014,C183,S
785,0,2,Passenger_785,male,55.39,0,0,T53092,54.3085,,S
786,1,1,Passenger_786,male,55.89,4,0,T44152,102.6794,,C
787,0,2,Passenger_787,female,52.03,0,0,T50104,50.349,,C
788,0,1,Passenger_788,female,22.31,0,0,T25283,29.627,,S
789,0,3,Passenger_789,male,12.83,1,0,T47429,21.7574,,S
790,1,2,Passenger_790,female,51.02,1,0,T78223,1.3086,,S
791,0,3,Passenger_791,male,48.1,0,0,T89534,132.9759,,C
792,0,3,Passenger_792,male,14.68,1,2,T55957,15.4773,,C
793,0,3,Passenger_793,male,56.53,1,0,T29887,5.2846,,S
794,0,1,Passenger_794,male,36.63,0,1,T47172,35.1596,,S
795,0,3,Passenger_795,female,53.55,0,0,T5355,10.7033,,S
796,1,3,Passenger_796,male,,0,0,T34701,28.2033,,S
797,1,3,Passenger_797,male,,3,0,T42534,28.2799,C24,S
798,0,3,Passenger_798,female,1.92,1,1,T72442,18.8833,,S
799,1,3,Passenger_799,male,62.42,0,1,T62274,57.8756,,S
800,1,1,Passenger_800,female,48.93,1,0,T79108,9.8509,,S
801,1,3,Passenger_801,male,56.09,0,0,T13279,19.0513,C114,S
802,0,2,Passenger_802,male,67.12,0,0,T44491,24.6888,,S
803,0,1,Passenger_803,male,,0,0,T77147,34.8649,,Q
804,0,2,Passenger_804,male,76.89,0,2,T9261,49.0351,,S
805,0,1,Passenger_805,male,,1,0,T5474,16.0707,,S
806,1,1,Passenger_806,female,,0,0,T92414,33.2349,C66,Q
807,1,1,Passenger_807,male,32.39,1,0,T29390,5.2236,,S
808,1,3,Passenger_808,female,12.63,0,0,T27925,86.3304,C61,S
809,0,3,Passenger_809,female,,0,0,T83174,15.4554,,S
810,0,3,Passenger_810,female,22.45,3,0,T60051,41.842,,C
811,1,2,Passenger_811,male,73.74,0,0,T90007,0.6576,,S
812,1,2,Passenger_812,male,46.82,0,0,T5787,7.3488,,C
813,0,3,Passenger_813,male,47.59,0,0,T74398,21.3645,C179,S
814,1,2,Passenger_814,female,28.65,1,1,T59177,67.3858,,S
815,1,1,Passenger_815,male,,0,0,T44724,23.9744,,C
816,0,3,Passenger_816,male,2.93,0,0,T11663,85.0372,C89,Q
817,0,1,Passenger_817,male,,0,0,T17120,21.1602,,S
818,0,3,Passenger_818,male,,0,0,T23740,21.5752,,C
819,0,3,Passenger_819,male,48.71,1,0,T3035,4.0815,,S
820,0,1,Passenger_820,male,70.53,0,0,T58443,51.9299,,S
821,1,1,Passenger_821,female,70.68,0,0,T68388,9.0766,,S
822,0,3,Passenger_822,male,52.86,0,4,T53335,73.559,,S
823,0,3,Passenger_823,male,17.21,0,0,T44315,77.3487,,S
824,0,1,Passenger_824,male,,2,0,T65165,91.8451,,S
825,0,3,Passenger_825,male,,0,0,T47627,23.5024,,S
826,1,1,Passenger_826,male,,4,0,T9303,36.1726,C35,S
827,0,3,Passenger_827,female,,0,0,T50334,48.2369,,Q
828,0,3,Passenger_828,male,23.21,0,1,T56892,4.4937,,Q
829,1,1,Passenger_829,female,64.29,1,0,T62196,29.398,,C
830,0,1,Passenger_830,male,,0,0,T66700,1.1168,,S
831,0,1,Passenger_831,male,2.79,1,0,T40726,22.0253,,S
832,0,2,Passenger_832,female,71.83,4,0,T76751,5.3834,C58,C
833,0,1,Passenger_833,male,49.96,0,0,T50606,6.4647,C154,Q
834,0,3,Passenger_834,male,,0,0,T31694,14.5346,,S
835,0,1,Passenger_835,male,,1,0,T32253,18.1249,,C
836,0,3,Passenger_836,male,,0,0,T25230,31.231,,Q
837,1,3,Passenger_837,female,,0,0,T54974,2.475,,C
838,0,3,Passenger_838,male,27.09,0,2,T64545,22.4179,,S
839,0,3,Passenger_839,female,5.73,0,0,T17925,6.453,C114,S
840,1,2,Passenger_840,female,78.04,1,1,T7033,27.3042,,S
841,0,3,Passenger_841,male,65.43,0,1,T63461,32.463,C24,S
842,1,3,Passenger_842,female,68.26,0,0,T3665,26.0329,,S
843,0,2,Passenger_843,male,75.06,0,0,T28025,42.8973,,S
844,1,1,Passenger_844,female,,0,0,T24533,13.0843,,C
845,0,3,Passenger_845,male,31.09,0,0,T46897,46.356,,S
846,0,3,Passenger_846,female,6.05,1,0,T78661,18.1435,,S
847,0,1,Passenger_847,male,,0,1,T21998,21.1842,,S
848,1,2,Passenger_848,male,,1,2,T62248,33.4213,,S
849,0,2,Passenger_849,male,37.74,1,0,T24057,0.5929,,C
850,0,3,Passenger_850,female,21.78,0,0,T80244,33.9616,,S
851,0,3,Passenger_851,male,8.44,0,0,T84608,30.8438,C196,C
852,1,3,Passenger_852,male,13.73,0,1,T71631,11.8669,,S
853,0,1,Passenger_853,female,12.12,0,0,T98031,2.8704,,S
854,1,2,Passenger_854,female,,1,0,T68173,3.0509,,
855,0,3,Passenger_855,female,60.84,1,0,T81206,82.1395,,S
856,0,1,Passenger_856,female,,0,0,T39734,37.4035,,S
857,0,2,Passenger_857,female,,0,2,T63072,4.35,,S
858,0,3,Passenger_858,female,22.56,2,0,T65175,14.1178,,S
859,0,1,Passenger_859,male,63.94,3,0,T64783,28.7255,,S
860,0,3,Passenger_860,male,26.37,0,2,T95194,57.769,,C
861,1,1,Passenger_861,female,24.23,0,0,T71739,1.4286,,S
862,0,1,Passenger_862,male,18.91,0,0,T88054,8.6405,,Q
863,0,1,Passenger_863,male,10.72,3,0,T52042,70.5599,,S
864,0,3,Passenger_864,male,,0,0,T53357,0.2946,,S
865,0,3,Passenger_865,female,,0,0,T9669,7.1966,,S
866,0,3,Passenger_866,male,54.05,0,0,T68902,102.2327,,S
867,0,3,Passenger_867,male,5.38,0,0,T19910,30.4118,,S
868,0,1,Passenger_868,male,17.16,0,0,T57959,9.7077,,S
869,1,3,Passenger_869,male,64.8,8,1,T97623,2.2189,,S
870,1,3,Passenger_870,male,12.09,0,1,T1366,0.9151,,C
871,0,3,Passenger_871,male,,0,0,T49415,8.9824,,S
872,0,1,Passenger_872,male,69.23,0,0,T10907,68.2471,,C
873,1,3,Passenger_873,female,12.73,0,0,T96825,17.2066,,S
874,0,1,Passenger_874,male,6.99,0,0,T33780,40.773,,S
875,0,2,Passenger_875,female,38.97,0,1,T58879,80.1446,,S
876,0,3,Passenger_876,female,24.47,0,0,T86159,16.7781,C114,S
877,1,3,Passenger_877,male,45.25,0,0,T36085,6.7936,,C
878,1,2,Passenger_878,female,64.38,0,0,T66499,23.2955,,S
879,0,2,Passenger_879,male,11.32,0,0,T21426,76.3801,,S
880,0,3,Passenger_880,female,46.62,3,0,T49197,52.2097,,S
881,0,3,Passenger_881,male,40.64,2,0,T8485,2.1791,,S
882,1,3,Passenger_882,female,11.87,0,3,T50527,37.7445,,S
883,0,3,Passenger_883,male,,0,1,T65600,27.1486,,C
884,0,3,Passenger_884,male,22.18,1,0,T99560,76.1648,C156,S
885,1,2,Passenger_885,male,39.23,0,0,T92005,4.181,C199,Q
886,0,3,Passenger_886,female,6.95,1,2,T82439,24.4367,,C
887,1,2,Passenger_887,female,36.98,3,0,T69748,67.7055,C149,S
888,0,2,Passenger_888,male,24.79,0,0,T59528,16.8855,,S
889,0,3,Passenger_889,male,65.86,0,0,T28799,21.0486,,S
890,0,1,Passenger_890,male,4.94,3,1,T47339,2.3381,,S
891,1,3,Passenger_891,female,33.72,0,0,T17087,10.4297,,S
6,0,2,Passenger_6,male,9.28,0,5,T3928,25.1372,,S
7,0,3,Passenger_7,male,41.46,0,0,T66158,43.1691,C114,S
8,1,1,Passenger_8,male,21.7,8,0,T31632,45.2606,C61,S
